name,iso,tile_id,tile_url,size_mb
Indonesia,IDN,2c5
Indonesia,IDN,2cd
Indonesia,IDN,2cf
Indonesia,IDN,2d1
Indonesia,IDN,2d3
Indonesia,IDN,2d5
Indonesia,IDN,2d7
Indonesia,IDN,2d9
Indonesia,IDN,2db
Indonesia,IDN,2dd
Indonesia,IDN,2df
Indonesia,IDN,2e1
Indonesia,IDN,2e3
Indonesia,IDN,2e5
Indonesia,IDN,2e7
Indonesia,IDN,2fd
Indonesia,IDN,303
Indonesia,IDN,305
Indonesia,IDN,307
Indonesia,IDN,31d
Indonesia,IDN,31f
Indonesia,IDN,321
Indonesia,IDN,327
Indonesia,IDN,329
Indonesia,IDN,32b
Indonesia,IDN,32f
Indonesia,IDN,681
Indonesia,IDN,683
Indonesia,IDN,685
Indonesia,IDN,687
Indonesia,IDN,69b
Indonesia,IDN,69d
Malaysia,MYS,303
Malaysia,MYS,305
Malaysia,MYS,31b
Malaysia,MYS,31d
Malaysia,MYS,31f
Malaysia,MYS,321
Malaysia,MYS,323
Malaysia,MYS,325
Malaysia,MYS,327
Chile,CHL,915
Chile,CHL,941
Chile,CHL,961
Chile,CHL,963
Chile,CHL,965
Chile,CHL,967
Chile,CHL,969
Chile,CHL,96b
Chile,CHL,96f
Chile,CHL,971
Chile,CHL,973
Chile,CHL,995
Chile,CHL,bc5
Chile,CHL,bd9
Chile,CHL,bdb
Chile,CHL,bdf
Bolivia,BOL,915
Bolivia,BOL,917
Bolivia,BOL,939
Bolivia,BOL,93b
Bolivia,BOL,93d
Bolivia,BOL,93f
Bolivia,BOL,941
Bolivia,BOL,947
Bolivia,BOL,96b
Peru,PER,903
Peru,PER,905
Peru,PER,911
Peru,PER,913
Peru,PER,915
Peru,PER,917
Peru,PER,919
Peru,PER,91b
Peru,PER,91d
Peru,PER,91f
Argentina,ARG,941
Argentina,ARG,943
Argentina,ARG,945
Argentina,ARG,947
Argentina,ARG,94f
Argentina,ARG,959
Argentina,ARG,95b
Argentina,ARG,95d
Argentina,ARG,95f
Argentina,ARG,961
Argentina,ARG,967
Argentina,ARG,969
Argentina,ARG,96b
Argentina,ARG,bc3
Argentina,ARG,bc5
Argentina,ARG,bd9
Argentina,ARG,bdb
Argentina,ARG,bdd
Argentina,ARG,bdf
Argentina,ARG,be1
Cyprus,CYP,14f
India,IND,307
India,IND,309
India,IND,30b
India,IND,371
India,IND,373
India,IND,375
India,IND,377
India,IND,38f
India,IND,391
India,IND,393
India,IND,395
India,IND,397
India,IND,399
India,IND,39b
India,IND,39f
India,IND,3a1
India,IND,3a3
India,IND,3a5
India,IND,3af
India,IND,3b1
India,IND,3b7
India,IND,3b9
India,IND,3bb
India,IND,3bd
India,IND,3bf
China,CHN,30d
China,CHN,313
China,CHN,315
China,CHN,347
China,CHN,36b
China,CHN,36d
China,CHN,371
China,CHN,373
China,CHN,375
China,CHN,377
China,CHN,38f
China,CHN,391
China,CHN,399
China,CHN,39b
China,CHN,39d
China,CHN,39f
Israel,ISR,14f
Palestine,PSE,14f
Ethiopia,ETH,161
Ethiopia,ETH,163
Ethiopia,ETH,165
Ethiopia,ETH,167
Ethiopia,ETH,16f
Ethiopia,ETH,171
Ethiopia,ETH,179
Ethiopia,ETH,17b
Ethiopia,ETH,17d
Ethiopia,ETH,3d7
Ethiopia,ETH,3d9
S. Sudan,SSD,16d
S. Sudan,SSD,16f
S. Sudan,SSD,171
S. Sudan,SSD,173
S. Sudan,SSD,175
S. Sudan,SSD,177
S. Sudan,SSD,17b
Somalia,SOM,17d
Somalia,SOM,17f
Somalia,SOM,181
Somalia,SOM,3d1
Somalia,SOM,3d5
Somalia,SOM,3d7
Somalia,SOM,3d9
Somalia,SOM,3db
Kenya,KEN,171
Kenya,KEN,177
Kenya,KEN,179
Kenya,KEN,17b
Kenya,KEN,17d
Kenya,KEN,17f
Kenya,KEN,181
Kenya,KEN,183
Kenya,KEN,185
Kenya,KEN,19d
Malawi,MWI,18d
Malawi,MWI,18f
Malawi,MWI,191
Malawi,MWI,193
Tanzania,TZA,183
Tanzania,TZA,185
Tanzania,TZA,189
Tanzania,TZA,18f
Tanzania,TZA,191
Tanzania,TZA,19b
Tanzania,TZA,19d
Somaliland,-99,163
Somaliland,-99,3d9
France,-99,217
France,-99,219
France,-99,221
France,-99,8c1
France,-99,8c5
France,-99,8c7
France,-99,8d1
France,-99,8d7
Suriname,SUR,8d1
Suriname,SUR,8d7
Suriname,SUR,8d9
Suriname,SUR,8db
Guyana,GUY,8d9
Guyana,GUY,8db
Guyana,GUY,8dd
Morocco,MAR,0c3
Morocco,MAR,0c5
Morocco,MAR,0d1
Morocco,MAR,0d7
Morocco,MAR,0d9
Morocco,MAR,0db
Morocco,MAR,0dd
Morocco,MAR,0e9
Morocco,MAR,0eb
W. Sahara,ESH,0c3
W. Sahara,ESH,0dd
W. Sahara,ESH,0e9
W. Sahara,ESH,0eb
Costa Rica,CRI,8f1
Costa Rica,CRI,8f7
Costa Rica,CRI,8f9
Costa Rica,CRI,8fb
Nicaragua,NIC,8f1
Nicaragua,NIC,8f7
Congo,COG,109
Congo,COG,10b
Congo,COG,1a1
Congo,COG,1a5
Congo,COG,1a7
Dem. Rep. Congo,COD,10b
Dem. Rep. Congo,COD,10d
Dem. Rep. Congo,COD,171
Dem. Rep. Congo,COD,173
Dem. Rep. Congo,COD,175
Dem. Rep. Congo,COD,177
Dem. Rep. Congo,COD,191
Dem. Rep. Congo,COD,197
Dem. Rep. Congo,COD,199
Dem. Rep. Congo,COD,19b
Dem. Rep. Congo,COD,19d
Dem. Rep. Congo,COD,19f
Dem. Rep. Congo,COD,1a1
Dem. Rep. Congo,COD,1a3
Dem. Rep. Congo,COD,1a5
Dem. Rep. Congo,COD,1a7
Dem. Rep. Congo,COD,1bd
Bhutan,BTN,375
Bhutan,BTN,39f
Namibia,NAM,195
Namibia,NAM,1b9
Namibia,NAM,1bf
Namibia,NAM,1c1
Namibia,NAM,1c3
Namibia,NAM,1c5
Namibia,NAM,1c7
South Africa,ZAF,1c1
South Africa,ZAF,1c3
South Africa,ZAF,1c5
South Africa,ZAF,1dd
South Africa,ZAF,1e5
South Africa,ZAF,1e7
South Africa,ZAF,1e9
South Africa,ZAF,1eb
South Africa,ZAF,1ed
South Africa,ZAF,1ef
South Africa,ZAF,b5b
St-Martin,MAF,8c1
Sint Maarten,SXM,8c1
Oman,OMN,3ef
Uzbekistan,UZB,38d
Tajikistan,TJK,38d
Tajikistan,TJK,38f
Brazil,BRA,009
Brazil,BRA,00b
Brazil,BRA,00d
Brazil,BRA,013
Brazil,BRA,063
Brazil,BRA,071
Brazil,BRA,073
Brazil,BRA,075
Brazil,BRA,077
Brazil,BRA,079
Brazil,BRA,07b
Brazil,BRA,07d
Brazil,BRA,07f
Brazil,BRA,8d1
Brazil,BRA,8d5
Brazil,BRA,8d7
Brazil,BRA,8d9
Brazil,BRA,8db
Brazil,BRA,8df
Brazil,BRA,8e1
Brazil,BRA,917
Brazil,BRA,919
Brazil,BRA,91b
Brazil,BRA,91f
Brazil,BRA,921
Brazil,BRA,923
Brazil,BRA,925
Brazil,BRA,927
Brazil,BRA,929
Brazil,BRA,92b
Brazil,BRA,92d
Brazil,BRA,92f
Brazil,BRA,931
Brazil,BRA,933
Brazil,BRA,935
Brazil,BRA,937
Brazil,BRA,939
Brazil,BRA,93b
Brazil,BRA,93d
Brazil,BRA,945
Brazil,BRA,947
Brazil,BRA,949
Brazil,BRA,94b
Brazil,BRA,94d
Brazil,BRA,94f
Brazil,BRA,951
Brazil,BRA,953
Brazil,BRA,95b
Uruguay,URY,951
Uruguay,URY,957
Uruguay,URY,959
Uruguay,URY,95b
Vietnam,VNM,311
Vietnam,VNM,313
Vietnam,VNM,315
Vietnam,VNM,317
Vietnam,VNM,319
Vietnam,VNM,31b
Vietnam,VNM,36b
Vietnam,VNM,36d
Cambodia,KHM,311
Cambodia,KHM,317
United Arab Emirates,ARE,3ef
Spain,ESP,0c3
Spain,ESP,0c5
Spain,ESP,0c7
Spain,ESP,0d1
Spain,ESP,0d7
Spain,ESP,129
Laos,LAO,30d
Laos,LAO,311
Laos,LAO,313
Laos,LAO,315
Laos,LAO,317
Laos,LAO,36d
Libya,LBY,123
Libya,LBY,125
Libya,LBY,13b
Libya,LBY,13d
Libya,LBY,141
Libya,LBY,147
Libya,LBY,16b
Tunisia,TUN,125
Tunisia,TUN,12f
Tunisia,TUN,131
Tunisia,TUN,13b
Zambia,ZMB,191
Zambia,ZMB,193
Zambia,ZMB,195
Zambia,ZMB,197
Zambia,ZMB,199
Zambia,ZMB,19b
Zambia,ZMB,1bd
Zambia,ZMB,1bf
Sierra Leone,SLE,0f1
Sierra Leone,SLE,0fb
Guinea,GIN,0e5
Guinea,GIN,0ef
Guinea,GIN,0f1
Guinea,GIN,0fb
Liberia,LBR,0f1
Liberia,LBR,0f9
Liberia,LBR,0fb
Central African Rep.,CAF,109
Central African Rep.,CAF,10b
Central African Rep.,CAF,10d
Central African Rep.,CAF,10f
Central African Rep.,CAF,113
Central African Rep.,CAF,16d
Central African Rep.,CAF,173
Central African Rep.,CAF,175
Sudan,SDN,113
Sudan,SDN,141
Sudan,SDN,143
Sudan,SDN,15d
Sudan,SDN,165
Sudan,SDN,167
Sudan,SDN,169
Sudan,SDN,16b
Sudan,SDN,16d
Sudan,SDN,16f
Sudan,SDN,171
Sudan,SDN,173
Djibouti,DJI,161
Djibouti,DJI,163
Eritrea,ERI,161
Eritrea,ERI,167
Italy,ITA,12f
Italy,ITA,131
Iran,IRN,3eb
Iran,IRN,3ed
Iran,IRN,3ef
Netherlands,NLD,8c1
Netherlands,NLD,8e9
Côte d'Ivoire,CIV,0e5
Côte d'Ivoire,CIV,0f9
Côte d'Ivoire,CIV,0fb
Côte d'Ivoire,CIV,0fd
Mali,MLI,0dd
Mali,MLI,0df
Mali,MLI,0e1
Mali,MLI,0e3
Mali,MLI,0e5
Mali,MLI,0e7
Mali,MLI,0ef
Mali,MLI,0fb
Mali,MLI,11d
Mali,MLI,11f
Senegal,SEN,0e9
Senegal,SEN,0ed
Senegal,SEN,0ef
Nigeria,NGA,103
Nigeria,NGA,105
Nigeria,NGA,107
Nigeria,NGA,10f
Nigeria,NGA,111
Nigeria,NGA,11b
Nigeria,NGA,11d
Benin,BEN,103
Benin,BEN,11d
Angola,AGO,195
Angola,AGO,197
Angola,AGO,1a3
Angola,AGO,1a5
Angola,AGO,1a7
Angola,AGO,1b9
Angola,AGO,1bb
Angola,AGO,1bd
Angola,AGO,1bf
Saudi Arabia,SAU,15b
Saudi Arabia,SAU,15d
Saudi Arabia,SAU,161
Botswana,BWA,195
Botswana,BWA,1bf
Botswana,BWA,1c1
Botswana,BWA,1eb
Botswana,BWA,1ed
Zimbabwe,ZWE,193
Zimbabwe,ZWE,195
Zimbabwe,ZWE,1eb
Zimbabwe,ZWE,1ed
Pakistan,PAK,38d
Pakistan,PAK,38f
Pakistan,PAK,391
Pakistan,PAK,393
Pakistan,PAK,395
Pakistan,PAK,3eb
Pakistan,PAK,3ed
Pakistan,PAK,3ef
Thailand,THA,305
Thailand,THA,30d
Thailand,THA,30f
Thailand,THA,311
Thailand,THA,313
Thailand,THA,31b
Haiti,HTI,8eb
Haiti,HTI,8ed
Dominican Rep.,DOM,8eb
Chad,TCD,10d
Chad,TCD,10f
Chad,TCD,111
Chad,TCD,113
Chad,TCD,117
Chad,TCD,13d
Chad,TCD,16b
Chad,TCD,16d
El Salvador,SLV,859
El Salvador,SLV,8f7
Guatemala,GTM,859
Guatemala,GTM,85f
Guatemala,GTM,8f5
Guatemala,GTM,8f7
Timor-Leste,TLS,2c5
Timor-Leste,TLS,2cf
Timor-Leste,TLS,2d1
Brunei,BRN,321
Brunei,BRN,323
Algeria,DZA,0d7
Algeria,DZA,0d9
Algeria,DZA,0db
Algeria,DZA,0dd
Algeria,DZA,0df
Algeria,DZA,0e1
Algeria,DZA,119
Algeria,DZA,11f
Algeria,DZA,121
Algeria,DZA,123
Algeria,DZA,125
Algeria,DZA,127
Algeria,DZA,129
Algeria,DZA,12f
Algeria,DZA,13d
Mozambique,MOZ,189
Mozambique,MOZ,18b
Mozambique,MOZ,18d
Mozambique,MOZ,18f
Mozambique,MOZ,191
Mozambique,MOZ,193
Mozambique,MOZ,1ed
Mozambique,MOZ,1ef
Mozambique,MOZ,1f1
Mozambique,MOZ,1f3
eSwatini,SWZ,1ef
Burundi,BDI,19b
Burundi,BDI,19d
Rwanda,RWA,19d
Myanmar,MMR,305
Myanmar,MMR,309
Myanmar,MMR,30b
Myanmar,MMR,30d
Myanmar,MMR,30f
Myanmar,MMR,313
Myanmar,MMR,371
Myanmar,MMR,373
Myanmar,MMR,375
Bangladesh,BGD,30b
Bangladesh,BGD,375
Bangladesh,BGD,39f
Bangladesh,BGD,3a1
Afghanistan,AFG,38d
Afghanistan,AFG,38f
Afghanistan,AFG,393
Afghanistan,AFG,3ed
Afghanistan,AFG,3ef
Uganda,UGA,171
Uganda,UGA,177
Uganda,UGA,179
Uganda,UGA,19d
USNB Guantanamo Bay,-99,8ed
Cuba,CUB,88d
Cuba,CUB,893
Cuba,CUB,8ed
Cuba,CUB,8f3
Cuba,CUB,8f5
Honduras,HND,8f1
Honduras,HND,8f3
Honduras,HND,8f5
Honduras,HND,8f7
Ecuador,ECU,855
Ecuador,ECU,8e3
Ecuador,ECU,8fd
Ecuador,ECU,901
Ecuador,ECU,903
Ecuador,ECU,91b
Ecuador,ECU,91d
Ecuador,ECU,9ab
Colombia,COL,8df
Colombia,COL,8e1
Colombia,COL,8e3
Colombia,COL,8e5
Colombia,COL,8e7
Colombia,COL,8e9
Colombia,COL,8ef
Colombia,COL,8f1
Colombia,COL,8fd
Colombia,COL,91d
Colombia,COL,91f
Paraguay,PRY,939
Paraguay,PRY,93f
Paraguay,PRY,941
Paraguay,PRY,945
Paraguay,PRY,947
Paraguay,PRY,949
Paraguay,PRY,94f
Brazilian I.,-99,95b
Portugal,PRT,0c5
Portugal,PRT,0c7
Portugal,PRT,0d1
Jordan,JOR,15b
Nepal,NPL,399
Nepal,NPL,39b
Nepal,NPL,39d
Nepal,NPL,39f
Lesotho,LSO,1e9
Lesotho,LSO,1ef
Cameroon,CMR,105
Cameroon,CMR,107
Cameroon,CMR,109
Cameroon,CMR,10f
Cameroon,CMR,111
Gabon,GAB,107
Gabon,GAB,109
Gabon,GAB,1a7
Gabon,GAB,1a9
Niger,NER,111
Niger,NER,117
Niger,NER,119
Niger,NER,11b
Niger,NER,11d
Niger,NER,11f
Niger,NER,123
Niger,NER,13d
Burkina Faso,BFA,0e3
Burkina Faso,BFA,0e5
Burkina Faso,BFA,0fb
Burkina Faso,BFA,0fd
Burkina Faso,BFA,11d
Togo,TGO,0e3
Togo,TGO,0fd
Togo,TGO,103
Togo,TGO,11d
Ghana,GHA,0e3
Ghana,GHA,0fd
Ghana,GHA,0ff
Ghana,GHA,103
Ghana,GHA,11d
Guinea-Bissau,GNB,0ed
Guinea-Bissau,GNB,0ef
Gibraltar,GIB,0d1
United States of America,USA,80d
United States of America,USA,813
United States of America,USA,865
United States of America,USA,867
United States of America,USA,86d
United States of America,USA,86f
United States of America,USA,88d
Mexico,MEX,80d
Mexico,MEX,813
Mexico,MEX,815
Mexico,MEX,83f
Mexico,MEX,841
Mexico,MEX,843
Mexico,MEX,859
Mexico,MEX,85b
Mexico,MEX,85d
Mexico,MEX,85f
Mexico,MEX,865
Mexico,MEX,867
Mexico,MEX,869
Mexico,MEX,86b
Mexico,MEX,86d
Mexico,MEX,86f
Mexico,MEX,8f5
Belize,BLZ,8f5
Belize,BLZ,8f7
Panama,PAN,8e5
Panama,PAN,8fb
Venezuela,VEN,8c1
Venezuela,VEN,8c3
Venezuela,VEN,8c5
Venezuela,VEN,8d9
Venezuela,VEN,8db
Venezuela,VEN,8dd
Venezuela,VEN,8df
Venezuela,VEN,8e1
Venezuela,VEN,8e7
Venezuela,VEN,8e9
Papua New Guinea,PNG,685
Papua New Guinea,PNG,687
Papua New Guinea,PNG,69b
Egypt,EGY,141
Egypt,EGY,143
Egypt,EGY,145
Egypt,EGY,147
Egypt,EGY,14f
Egypt,EGY,15b
Egypt,EGY,15d
Yemen,YEM,161
Yemen,YEM,3db
Mauritania,MRT,0c3
Mauritania,MRT,0dd
Mauritania,MRT,0df
Mauritania,MRT,0e5
Mauritania,MRT,0e7
Mauritania,MRT,0e9
Mauritania,MRT,0eb
Mauritania,MRT,0ed
Mauritania,MRT,0ef
Eq. Guinea,GNQ,107
Eq. Guinea,GNQ,109
Eq. Guinea,GNQ,1a9
Gambia,GMB,0ed
Gambia,GMB,0ef
N. Cyprus,-99,14f
Cyprus U.N. Buffer Zone,-99,14f
Siachen Glacier,-99,38f
Akrotiri,-99,14f
Southern Patagonian Ice Field,-99,bdb
Bir Tawil,-99,143
Australia,AUS,2cd
Australia,AUS,69b
Australia,AUS,69d
Madagascar,MDG,18b
Madagascar,MDG,1f5
Madagascar,MDG,1f7
Madagascar,MDG,21d
Madagascar,MDG,21f
Madagascar,MDG,221
Madagascar,MDG,223
Madagascar,MDG,227
Philippines,PHL,323
Philippines,PHL,325
Philippines,PHL,32f
Philippines,PHL,331
Philippines,PHL,339
Philippines,PHL,33b
Philippines,PHL,33d
Philippines,PHL,347
Sri Lanka,LKA,3af
Curaçao,CUW,8e9
Aruba,ABW,8e9
Bahamas,BHS,88d
Bahamas,BHS,893
Bahamas,BHS,895
Bahamas,BHS,8eb
Bahamas,BHS,8ed
Turks and Caicos Is.,TCA,895
Turks and Caicos Is.,TCA,8eb
Taiwan,TWN,347
Japan,JPN,347
Fr. S. Antarctic Lands,ATF,1f3
Fr. S. Antarctic Lands,ATF,1f5
Fr. S. Antarctic Lands,ATF,223
Fr. S. Antarctic Lands,ATF,227
Seychelles,SYC,227
Seychelles,SYC,22f
Seychelles,SYC,231
Trinidad and Tobago,TTO,8c3
Trinidad and Tobago,TTO,8c5
Grenada,GRD,8c3
St. Vin. and Gren.,VCT,8c3
St. Vin. and Gren.,VCT,8c5
Barbados,BRB,8c5
Saint Lucia,LCA,8c5
Dominica,DMA,8c1
Dominica,DMA,8c7
U.S. Minor Outlying Is.,UMI,8ed
Montserrat,MSR,8c1
Antigua and Barb.,ATG,8c1
St. Kitts and Nevis,KNA,8c1
U.S. Virgin Is.,VIR,8c1
St-Barthélemy,BLM,8c1
Puerto Rico,PRI,8c1
Puerto Rico,PRI,8eb
Anguilla,AIA,8c1
British Virgin Is.,VGB,8c1
Jamaica,JAM,8ed
Cayman Is.,CYM,8f3
Saint Helena,SHN,025
Saint Helena,SHN,04f
Saint Helena,SHN,05b
Mauritius,MUS,217
Mauritius,MUS,23b
Mauritius,MUS,23f
Comoros,COM,189
Comoros,COM,18b
São Tomé and Principe,STP,107
Cabo Verde,CPV,093
Cabo Verde,CPV,095
Malta,MLT,131
Br. Indian Ocean Ter.,IOT,249
Singapore,SGP,31d
Maldives,MDV,24b
Maldives,MDV,3b1
Maldives,MDV,3b3
Maldives,MDV,3b5
Maldives,MDV,3b7
Falkland Is.,FLK,bc3
Falkland Is.,FLK,bdd
Falkland Is.,FLK,be9
Palau,PLW,32b
Spratly Is.,-99,323
Spratly Is.,-99,33d
Ashmore and Cartier Is.,-99,2c5
Bajo Nuevo Bank,-99,8f1
Serranilla Bank,-99,8ef
